id;name;job;gender;date_of_birth;home_town;story;image_url;created_date
1;Stravenue Unbranded Cotton;transmitting card;quantify d;2021-10-30;Oregon;interface;architecture New mint;2021-10-30
2;Cotton Regional Home;quantifying;Fresh inte;2021-10-30;e-business Metal;Bacon bypassing Assurance;Savings;2021-10-30
3;Brook target transmitter;Tasty Centralized;Gorgeous A;2021-10-31;Buckinghamshire;ubiquitous content;program Cotton;2021-10-30
4;Virginia;zero;CFA synerg;2021-10-30;partnerships;rich SDD;Right-sized;2021-10-30
5;approach holistic Cotton;Account;optimize T;2021-10-30;Legacy compelling Interactions;Coordinator;calculating;2021-10-30
6;Liaison;Ergonomic;Home orchi;2021-10-30;XML;Solutions regional Adaptive;support;2021-10-30
7;invoice;Manager disintermediate;Intelligen;2021-10-30;grey schemas;Account Identity Bike;Intelligent Licensed;2021-10-30
8;navigate Serbia Zealand;action-items;web-readin;2021-10-30;invoice;Communications compressing info-mediaries;Turkish Harbors unleash;2021-10-30
9;deposit Agent;24;Republic) ;2021-10-30;Profit-focused withdrawal;Configuration virtual;olive Table Botswana;2021-10-30
10;invoice;Functionality;green Loan;2021-10-30;Checking Berkshire RSS;invoice;override;2021-10-30
